0,1,2,3,4,5,6,7,8,9
-0.7574109435081482,-0.6629073023796082,-0.15324413776397705,0.667098879814148,-0.2992992401123047,-0.214059978723526,-1.1006580591201782,-0.10940563678741455,-0.9524516463279724,2.559654951095581
0.5276212692260742,0.7345508337020874,-0.32162532210350037,0.4602811634540558,-0.17312070727348328,0.44887104630470276,0.634496808052063,-0.5411452054977417,-0.35162410140037537,0.7150293588638306
-0.6903589367866516,0.36169469356536865,1.9265788793563843,0.5819037556648254,-0.7467299699783325,1.3794267177581787,-0.6858700513839722,0.08142107725143433,-1.424012541770935,1.4452953338623047
-0.5969417095184326,-0.569527804851532,0.14510580897331238,-1.9055731296539307,-1.318435549736023,1.3428149223327637,-0.4431972801685333,1.109586477279663,-1.9176547527313232,-1.6827867031097412
-0.48521971702575684,-0.7067142128944397,0.32442787289619446,-2.0802392959594727,-1.1538166999816895,1.4756611585617065,-0.2789781987667084,1.4645856618881226,-1.5418198108673096,-1.8535575866699219
-0.4121171236038208,-0.11926661431789398,0.6878345608711243,-0.7101920247077942,0.05615789070725441,0.7199936509132385,-1.1459150314331055,1.1038529872894287,-1.3699973821640015,-1.4026044607162476
-0.6096147298812866,-0.3824206292629242,0.17398643493652344,-1.341095209121704,-1.1437336206436157,1.471327781677246,-0.39153382182121277,1.0315053462982178,-1.5243347883224487,-1.7384268045425415
-0.27943211793899536,-0.23508615791797638,0.4559240937232971,-0.6507202982902527,0.2235971987247467,0.7603111863136292,-0.39607611298561096,0.7033789753913879,-0.873637855052948,-0.9917848706245422
-0.03196704760193825,0.18221959471702576,1.2829022407531738,-0.834740400314331,-0.8419868350028992,1.4231830835342407,-0.042536258697509766,1.2720037698745728,-1.6613332033157349,-1.1517235040664673
-0.9513452649116516,-0.5203360915184021,0.9259750843048096,-1.3444045782089233,-0.573228120803833,1.4350018501281738,-0.36440756916999817,1.4483321905136108,-1.4719773530960083,-1.2127169370651245
0.26128676533699036,0.08921626955270767,0.22410263121128082,-0.4506860375404358,0.13189242780208588,0.3350272476673126,-0.5726229548454285,0.08238057792186737,-0.9365719556808472,-0.9712316393852234
0.3543858826160431,-0.92290860414505,-0.047033850103616714,-1.5750064849853516,0.03368375077843666,0.2844898998737335,-0.5284935235977173,-0.37180501222610474,-0.5124410390853882,-0.37852349877357483
-0.7551524639129639,-0.5375027060508728,0.5221796035766602,-1.3727471828460693,-0.38886305689811707,1.0628397464752197,-0.5775371193885803,1.3463499546051025,-0.912668764591217,-0.9929468035697937
0.430216908454895,0.8314602971076965,0.2542639672756195,0.5622414946556091,0.14908698201179504,0.3184518814086914,-0.15651953220367432,-0.2010681927204132,-1.2096680402755737,-0.21401351690292358
-0.5662937164306641,-0.8226037621498108,0.42684781551361084,-2.051649570465088,-0.9875752329826355,1.7223103046417236,-0.4268471300601959,1.1769171953201294,-1.3430147171020508,-1.761925220489502
-0.2909393310546875,-0.3119949400424957,0.0914667472243309,-1.2610939741134644,-0.8326307535171509,1.0058776140213013,-0.36917319893836975,0.7658613920211792,-1.4541138410568237,-1.2413266897201538
-0.571435809135437,-0.009514705277979374,0.9645100831985474,-0.973558247089386,-1.1383535861968994,1.637187123298645,-0.011985264718532562,1.321523904800415,-1.6297271251678467,-1.0043693780899048
-0.1882636696100235,-0.524914026260376,0.4173121452331543,-1.845406413078308,-0.8877667188644409,1.2100999355316162,-0.33915939927101135,1.1245449781417847,-1.2914100885391235,-1.5667744874954224
-0.15663516521453857,0.22494743764400482,0.7074997425079346,-0.6775510907173157,-0.5728093385696411,0.9151517748832703,-0.2422460913658142,0.4121992290019989,-1.1007405519485474,-0.5387415885925293
-0.34796392917633057,0.19032180309295654,1.00931978225708,-0.7644526958465576,-1.0407135486602783,1.6974352598190308,-0.02915269508957863,1.370945930480957,-1.1266475915908813,-0.9744367599487305
-0.18241266906261444,-0.6874874830245972,0.46038809418678284,-1.554013729095459,-0.41618916392326355,1.205690622329712,-0.0007289036293514073,0.9410929083824158,-0.9314689040184021,-1.1719691753387451
0.7949885725975037,0.10377999395132065,0.16634541749954224,-1.1907014846801758,-0.23700402677059174,0.710426926612854,-0.35293397307395935,-0.6981385946273804,-0.17825420200824738,-0.16265037655830383
-0.8586747050285339,-0.22255805134773254,0.774559736251831,-1.0733948945999146,-1.1787835359573364,1.809858798980713,0.3845706880092621,1.3567957878112793,-1.5428135395050049,-0.8321863412857056
-0.3749624788761139,-0.09342154860496521,1.5750597715377808,-0.08566658943891525,-0.17796792089939117,1.1641614437103271,-0.7331051826477051,0.5037373304367065,-0.8615729808807373,0.44887775182724
-0.5980172753334045,-0.13063260912895203,-0.0601482130587101,-0.2649841010570526,-0.3392995297908783,0.9461010098457336,-0.5395523309707642,0.9039773344993591,-0.9733331203460693,-1.120334506034851
-0.2280653566122055,0.46933630108833313,-0.3368653953075409,0.45916467905044556,-0.2579768896102905,0.527012050151825,-0.5016420483589172,0.22788174450397491,-0.6554273366928101,-0.5735028982162476
0.3732854723930359,0.19717541337013245,0.4342153072357178,0.08670356124639511,0.33744123578071594,0.7345939874649048,-0.4403439462184906,0.05731182545423508,-0.646755039691925,-0.8407222032546997
-0.8513051271438599,0.1231064423918724,1.7334034442901611,-0.016701895743608475,-1.1035617589950562,1.442971110343933,-0.3272642493247986,1.2632853984832764,-1.3341184854507446,0.5014251470565796
-0.07930739969015121,0.2510247826576233,-0.07036823034286499,0.1838129758834839,0.3479836881160736,0.4854559600353241,-0.4997299313545227,0.36392536759376526,-0.4981805682182312,-0.9156131148338318
-0.3593173921108246,0.1488170027732849,-0.8699515461921692,0.21042028069496155,-0.493975967168808,0.24233108758926392,-0.1279858499765396,0.6419035792350769,-1.168239951133728,-0.9789432883262634
-0.3970966041088104,0.23944860696792603,-0.16151727735996246,0.0260623786598444,-0.41648638248443604,0.5913102626800537,-0.3807423710823059,0.6568183302879333,-1.380208969116211,-1.1678968667984009
-0.052505042403936386,0.17643864452838898,-1.1902657747268677,0.4480489492416382,-0.1467178761959076,-0.002452033804729581,0.2885196805000305,0.12557406723499298,-0.4083198606967926,-0.19622138142585754
0.04355810582637787,-0.14959527552127838,0.9123297333717346,-1.198907494544983,-0.6112235188484192,1.3756479024887085,-0.10542985051870346,0.4314088821411133,-1.1811695098876953,-1.1478636264801025
-0.825879693031311,-0.8013933300971985,0.7246938347816467,-1.512104868888855,-0.15753275156021118,1.0198848247528076,-0.04968784376978874,1.4122401475906372,-1.1599626541137695,-0.7701753377914429
0.09438547492027283,0.2959020733833313,0.0770799070596695,0.3649563491344452,-0.36265918612480164,0.6048611998558044,0.3600916266441345,0.216658353805542,-0.7058258652687073,0.17280718684196472
-1.3978755474090576,-0.7909915447235107,1.9950103759765625,-2.065671682357788,-0.9581770896911621,2.154261350631714,-0.3265521824359894,2.1022658348083496,-1.1085604429244995,-0.26052021980285645
-0.057787150144577026,-0.6750919818878174,1.0006195306777954,-0.43389245867729187,-0.32209187746047974,0.5678572654724121,-1.3543988466262817,0.7033185958862305,-1.4560587406158447,-0.19313208758831024
-0.5697723031044006,0.33921098709106445,0.5589407682418823,0.5239743590354919,-0.2417149394750595,0.5209180116653442,-0.46261921525001526,-0.0243841502815485,-1.4433733224868774,0.18645600974559784
0.2661654055118561,0.7135452628135681,-1.138697624206543,1.1848047971725464,0.924653947353363,-0.5522248148918152,-0.42915990948677063,-0.13157640397548676,-0.5503820776939392,-0.5139896869659424
0.3588945269584656,0.3785703182220459,0.2426852434873581,-0.06459668278694153,0.09006242454051971,0.3564387857913971,-0.3790765404701233,0.3782792091369629,-1.0239570140838623,-1.0554438829421997
-0.0037096417509019375,0.331447571516037,-1.0762125253677368,0.4824013411998749,0.3896710276603699,-0.46272149682044983,-0.6696400046348572,0.241285040974617,-0.8047910928726196,-0.7794003486633301
-0.2701902687549591,0.260030597448349,-0.7456721067428589,0.1102677658200264,-0.1967199295759201,-0.0027012161444872618,-0.4635956287384033,0.42935851216316223,-1.2332459688186646,-0.9978430271148682
0.20579926669597626,0.6003900766372681,-0.9542476534843445,0.8887397050857544,0.7265953421592712,-0.44385308027267456,-0.9882352352142334,-0.054331760853528976,-0.9839240312576294,-0.843893826007843
-0.11691805720329285,0.5863635540008545,-0.8194472789764404,0.7785111665725708,-0.04433887451887131,0.06084051728248596,-0.9202445149421692,0.21388323605060577,-1.739616870880127,-1.3690454959869385
-0.29695814847946167,0.2705700993537903,-0.36780256032943726,0.1515664905309677,-0.07931916415691376,0.5654684901237488,-0.4769565463066101,0.4606815278530121,-1.0054842233657837,-0.982306957244873
-0.03179479390382767,0.5064553618431091,-0.6302323341369629,0.5070576071739197,-0.03246466815471649,0.05366126820445061,-0.5653799176216125,0.35194090008735657,-1.5996074676513672,-1.1627386808395386
0.2301172912120819,0.6511226892471313,-0.8420347571372986,0.951704740524292,0.16396565735340118,-0.21920683979988098,-0.30119290947914124,-0.10065530985593796,-1.319550633430481,-0.6598724126815796
-0.008804078213870525,0.19052283465862274,-0.6668503284454346,-0.05611654743552208,-0.357372522354126,-0.1653313785791397,-0.42305561900138855,0.46217989921569824,-1.6846452951431274,-1.0715489387512207
-0.1320641189813614,0.2644509971141815,-0.935601532459259,0.34462207555770874,-0.05915088206529617,-0.09100464731454849,-0.2760531008243561,0.16834993660449982,-1.058570146560669,-0.5987890362739563
0.06551821529865265,0.45798057317733765,-0.8759076595306396,0.7302237749099731,0.050428662449121475,-0.07378611713647842,-0.4082484841346741,0.2693846821784973,-1.01786470413208,-0.7597284913063049
-0.06736104935407639,0.4500572681427002,-0.5893233418464661,0.35666602849960327,-0.13144458830356598,0.22875294089317322,-0.9133127331733704,0.5014564394950867,-1.6301038265228271,-1.4526770114898682
-0.2998303771018982,0.039833880960941315,-0.5946142077445984,-0.07626661658287048,-0.4166337251663208,0.4107334613800049,-0.4437337815761566,0.9238759875297546,-1.5777069330215454,-1.3324495553970337
-0.11228763312101364,0.3319862484931946,-0.6882773637771606,0.5444784760475159,-0.0706406980752945,0.10751492530107498,-0.5649073719978333,0.3156360685825348,-1.4017164707183838,-1.1059670448303223
-0.26767608523368835,0.003173426492139697,-0.6498388051986694,0.022944558411836624,-0.21968162059783936,0.23210600018501282,0.044990405440330505,0.7349338531494141,-0.8024687170982361,-0.67290198802948
-0.037977904081344604,0.688052773475647,-0.0916345864534378,0.7253873348236084,0.3060067892074585,0.4024558663368225,-0.7178198099136353,0.18240489065647125,-1.0513420104980469,-0.9598267674446106
-0.11130689084529877,0.07816195487976074,-0.6594615578651428,0.11871182918548584,-0.11381020396947861,0.1741788387298584,-0.6362096667289734,0.4932171404361725,-1.0266647338867188,-0.9157192707061768
-0.7089748978614807,-0.16457471251487732,-1.8664647340774536,0.08866599947214127,-0.6209959983825684,0.302615761756897,0.42118823528289795,0.2233346700668335,0.06727979332208633,0.2384176254272461
-0.1887587457895279,0.3508117198944092,-0.361694872379303,0.653478741645813,-0.021460577845573425,0.518530547618866,-0.37787678837776184,0.4465014934539795,-0.9513970613479614,-0.967034637928009
-0.12028127908706665,0.16416823863983154,-0.6714175343513489,0.31448474526405334,0.20582227408885956,-0.008281850256025791,-0.3175031244754791,0.1462099552154541,-0.61381596326828,-0.38431990146636963
-0.10932042449712753,0.15579985082149506,-0.6322714686393738,0.16961194574832916,-0.1420891135931015,0.056518860161304474,-0.6481149792671204,0.4719058871269226,-1.4393647909164429,-1.0370826721191406
-0.21440047025680542,0.18922284245491028,-0.6723254323005676,0.11864525079727173,-0.10460001975297928,0.1542508602142334,0.3227597177028656,0.23632796108722687,-0.6024397611618042,-0.231429323554039
-0.584518551826477,-0.18880939483642578,-1.2625294923782349,0.19671687483787537,-0.25838974118232727,0.5512370467185974,0.421825647354126,0.6850182414054871,-0.027459781616926193,-0.29485151171684265
-0.04177781939506531,0.34196335077285767,-0.4826492965221405,0.5546364784240723,0.16362924873828888,0.3774773180484772,-0.3674897253513336,0.1682673543691635,-0.7500092387199402,-0.7809798717498779
-0.13497145473957062,0.5795251131057739,-0.4758847951889038,0.7024780511856079,0.07406650483608246,0.09381646662950516,-0.5474981665611267,0.379482626914978,-1.378137469291687,-0.9736477136611938
-0.23410293459892273,-0.1851956993341446,-0.20052377879619598,-0.5557826161384583,-0.1843150109052658,0.4885495603084564,-0.5689498782157898,0.567680299282074,-0.944616973400116,-1.1572414636611938
-0.172843798995018,0.01332001481205225,-0.6467381119728088,0.01144818402826786,-0.1089421883225441,0.15142332017421722,-0.40228354930877686,0.0017174388049170375,-0.4874800741672516,-0.2763078212738037
-0.03295372426509857,-0.4443330466747284,0.6592051386833191,-1.3708082437515259,-0.7777799367904663,1.4484535455703735,-0.21619170904159546,0.22731398046016693,-0.7508545517921448,-0.7050944566726685
-0.3986918330192566,0.22577854990959167,-0.7486587166786194,0.14311115443706512,-0.20989857614040375,0.29071852564811707,-0.2584017515182495,0.1246861144900322,-0.33846402168273926,-0.32854148745536804
-0.011100903153419495,0.4958186149597168,-1.156179666519165,0.48762643337249756,0.3931692838668823,-0.38804271817207336,-0.8122168779373169,-0.021662158891558647,-0.500169575214386,-0.7389162182807922
0.1892743706703186,0.712019681930542,-0.8472393155097961,0.9165225625038147,0.6094074845314026,-0.4520222246646881,-0.9845366477966309,0.01688232272863388,-1.17301344871521,-0.7843519449234009
-0.22426871955394745,0.4241337180137634,-0.7399107813835144,0.4605233073234558,-0.2929016351699829,0.3576071560382843,-0.7177551984786987,0.3399360179901123,-1.4672317504882812,-1.1977150440216064
0.29996567964553833,0.6979014873504639,-0.9822213053703308,0.7479470372200012,0.406539648771286,-0.5723788142204285,-0.35495129227638245,-0.29472780227661133,-0.96488356590271,-0.4148499369621277
-0.47949716448783875,-0.10331384837627411,-0.635202169418335,0.01758364401757717,-0.023190384730696678,0.37297680974006653,-0.17615681886672974,0.5403113961219788,-0.4132938086986542,-0.5191134810447693
0.03865962103009224,0.6473838090896606,-0.5352972745895386,0.7385422587394714,0.37908580899238586,-0.02571077272295952,-1.3022143840789795,0.17293603718280792,-1.3344894647598267,-1.3812742233276367
0.13381634652614594,0.501971960067749,-0.4250553548336029,0.5473566651344299,-0.05111806094646454,0.26483967900276184,-0.6067417860031128,0.1688917577266693,-1.4248749017715454,-1.0905438661575317
-0.26646688580513,0.3849487006664276,-0.3441254794597626,0.3914206922054291,-0.22882689535617828,0.4705137312412262,-0.7679058313369751,0.7368665337562561,-1.6581358909606934,-1.4041112661361694
-0.2617618441581726,0.09995695948600769,-0.9367371797561646,0.1969209909439087,-0.24905362725257874,0.02510335110127926,0.20642760396003723,0.28530600666999817,-0.9252855777740479,-0.36768266558647156
0.2438346892595291,0.30424627661705017,-0.050311457365751266,0.23261412978172302,0.15851761400699615,0.2224736362695694,-0.7483305931091309,-0.018720829859375954,-0.7562018632888794,-0.5605631470680237
0.019790424033999443,0.4930979311466217,-0.4946313798427582,0.46452653408050537,-0.06444667279720306,0.12865033745765686,-1.0163527727127075,0.42244890332221985,-1.7117959260940552,-1.3720091581344604
-0.15663743019104004,0.17158417403697968,-0.7518175840377808,0.2691968083381653,0.17911742627620697,-0.02643330581486225,-0.37225544452667236,0.41196173429489136,-0.8098435401916504,-0.7057459950447083
-0.1728941947221756,-0.13868549466133118,-0.9386645555496216,0.17649272084236145,0.37264859676361084,-0.21636918187141418,-0.5030788779258728,0.35742607712745667,-0.36668360233306885,-0.4967281222343445
0.4219544231891632,0.7021067142486572,-0.39281776547431946,0.8431078195571899,0.2831403315067291,-0.16388502717018127,-0.5202499032020569,0.08253081142902374,-1.2757669687271118,-0.7927151918411255
-0.007871887646615505,0.4546087980270386,-0.37697353959083557,0.6304013133049011,0.20604915916919708,0.15260112285614014,-0.1387310028076172,0.2442975491285324,-0.8603274822235107,-0.721300482749939
-0.2690519094467163,0.07445913553237915,-0.6090330481529236,0.20557957887649536,-0.23307378590106964,0.3071492910385132,-0.35134443640708923,0.7123828530311584,-1.348391056060791,-1.112537145614624
-0.11989419162273407,0.5352808237075806,-0.4860806167125702,0.5894120335578918,0.007773279678076506,0.07202431559562683,-0.6145937442779541,0.2909212112426758,-1.20784592628479,-0.8897320628166199
-0.2755356431007385,0.43377161026000977,-1.1988340616226196,0.650980532169342,-0.2604714632034302,0.1073988750576973,-0.21955592930316925,-0.14239437878131866,-0.6206263899803162,-0.5584509372711182
-0.1319436877965927,0.28541603684425354,-0.561275839805603,0.36460018157958984,-0.1033221110701561,0.1891448050737381,-0.4125721752643585,0.5466679930686951,-1.225489854812622,-1.0524756908416748
-0.02869088388979435,0.469950407743454,-0.46217671036720276,0.3177085816860199,0.18843793869018555,-0.08123376220464706,-0.7244067788124084,0.3371477723121643,-1.2221723794937134,-1.0794951915740967
-0.17324434220790863,0.1293046474456787,-0.6112351417541504,-0.07361029833555222,-0.1871069073677063,-0.021016277372837067,-0.7065656185150146,0.5697623491287231,-1.703248143196106,-1.260273814201355
-0.2878575026988983,0.35568979382514954,-0.24558000266551971,0.34946420788764954,-0.275641530752182,0.7346930503845215,-0.3872075378894806,0.21802274882793427,-1.2394295930862427,-1.0337882041931152
-0.7067691087722778,-0.326386034488678,-0.3469722270965576,-0.6719148755073547,-0.3951062560081482,0.6868183612823486,-0.34314826130867004,1.1803110837936401,-0.9180931448936462,-1.2114958763122559
-0.4697982370853424,-0.08946610242128372,-0.6460025310516357,-0.12096703797578812,-0.3482249677181244,0.5210749506950378,-0.39045989513397217,0.775776743888855,-1.0991722345352173,-1.1219356060028076
-0.290029913187027,-0.18271227180957794,-0.7985718846321106,-0.40025418996810913,-0.06195846572518349,0.04956700652837753,-0.7637468576431274,0.7820162177085876,-1.022518277168274,-1.1004254817962646
-0.34577736258506775,0.18350867927074432,-0.33884286880493164,0.12167391180992126,-0.5972211360931396,0.7059381604194641,-0.45116522908210754,0.8914276361465454,-1.6001808643341064,-1.2995723485946655
0.3531775176525116,0.5109182000160217,-0.7334046959877014,0.5182942152023315,0.40718358755111694,-0.4322225749492645,-1.04067063331604,0.0434880368411541,-1.2849050760269165,-0.9483451843261719
-0.12287220358848572,0.2059253454208374,-1.1943647861480713,0.15437810122966766,-0.420459508895874,0.003660497721284628,0.0003633964224718511,-0.23953492939472198,-0.6279335618019104,-0.0933697447180748
-0.3226311504840851,-0.02823832631111145,-0.5686951279640198,-0.018940651789307594,-0.5425607562065125,0.38960811495780945,-0.33387893438339233,0.8076043725013733,-1.6195719242095947,-1.0910683870315552
-0.5966033935546875,0.05558818578720093,-1.077138900756836,0.12105583399534225,-0.4686645567417145,0.6114851236343384,0.33947980403900146,0.6371017098426819,-0.1803111732006073,-0.2980349361896515
0.06562857329845428,0.5188773274421692,-0.3316062390804291,0.46918216347694397,0.12033302336931229,0.11814642697572708,-0.942987859249115,0.371198832988739,-1.6313658952713013,-1.2713818550109863
0.2022460401058197,0.7361800670623779,-0.8372117280960083,1.070529818534851,0.6223062872886658,-0.19575044512748718,-0.6601128578186035,-0.19142313301563263,-1.2713968753814697,-0.7091805338859558
-0.7698917984962463,-0.6358389258384705,-1.380939245223999,-0.7881448268890381,-0.8048291206359863,0.4655090570449829,0.3621210753917694,1.1045784950256348,-0.2983541786670685,-0.024411693215370178
-0.15209271013736725,0.5571536421775818,-0.6408915519714355,0.6738243103027344,0.08754110336303711,0.25866037607192993,-0.746853768825531,0.10465781390666962,-0.9152292609214783,-0.7871680855751038
-0.43956518173217773,-0.2095554769039154,0.5870141386985779,-0.8078563213348389,-0.6099404692649841,1.5866849422454834,0.14700309932231903,1.246884822845459,-0.013974279165267944,-0.7344851493835449
0.10131383687257767,0.26981985569000244,-0.36897289752960205,0.23414500057697296,-0.07936529070138931,0.06631536781787872,-0.8485569953918457,0.4817890226840973,-1.534151315689087,-1.0800532102584839
0.1538226157426834,0.5994539260864258,-0.0428241528570652,0.6903788447380066,0.14266425371170044,0.7178511619567871,-0.2577943205833435,0.20738732814788818,-0.36714738607406616,-0.555932879447937
1.6056228876113892,-0.5467410087585449,-1.17043137550354,-1.999659776687622,1.7693196535110474,1.1678040027618408,1.3531790971755981,-0.35557013750076294,2.136002540588379,2.3027217388153076
-1.252913475036621,-0.8680387139320374,-0.5983894467353821,-0.2759130895137787,0.7226906418800354,0.6774766445159912,0.7286566495895386,0.38442501425743103,0.589476466178894,3.527456521987915
0.04098052904009819,0.43130090832710266,0.1789860725402832,0.6333077549934387,0.4840371012687683,0.6069048047065735,0.3898138701915741,-0.29242759943008423,-0.011973660439252853,1.7188994884490967
1.4331564903259277,-0.6577925682067871,-0.2866809070110321,-0.6551176905632019,2.313011884689331,-0.23064757883548737,-0.18463127315044403,-0.3263118267059326,1.4105478525161743,2.8566343784332275
0.04177619516849518,1.2726057767868042,0.4064778685569763,0.8617555499076843,0.7487397193908691,0.5867780447006226,0.5739141702651978,-0.5167257785797119,0.16651955246925354,1.6449215412139893
1.8765089511871338,0.2731836140155792,0.36962804198265076,0.47304463386535645,1.2047878503799438,-0.023170145228505135,0.16775888204574585,-0.3168715536594391,0.6748137474060059,2.4994969367980957
0.3258971571922302,0.2758353352546692,-1.240944743156433,0.046048883348703384,-0.20606902241706848,0.4225631356239319,0.3367424011230469,-0.7735211849212646,0.520842969417572,1.081041932106018
0.1816723495721817,0.7631654143333435,0.10762494802474976,1.8549214601516724,1.0406957864761353,0.4636400043964386,-0.43372851610183716,-0.403416246175766,0.5084228515625,2.8720133304595947
0.8124719858169556,0.5649429559707642,-0.6745701432228088,-0.43379685282707214,0.7760681509971619,1.9129270315170288,1.989646077156067,-0.37184083461761475,1.8122509717941284,1.894948959350586
0.4597940146923065,-0.30730119347572327,-0.8746398091316223,-1.0759496688842773,0.5272047519683838,-0.05619912967085838,0.2710970342159271,-0.6972183585166931,0.2350171059370041,0.7150813937187195
1.2670406103134155,0.07663369178771973,0.3481746315956116,-0.30112066864967346,1.803643822669983,-0.2641260325908661,-0.5304679274559021,-0.5658407807350159,0.1283714473247528,0.27683985233306885
-0.9157959818840027,-0.029382769018411636,-0.34520578384399414,0.5729432106018066,-0.39133012294769287,0.665058970451355,0.2086668610572815,0.03846528381109238,-0.7505292296409607,0.6736159324645996
0.15053534507751465,0.03564454987645149,-0.6674235463142395,-0.555117666721344,-0.6472939848899841,0.7007796168327332,0.544944703578949,-0.6036069393157959,-0.5572012066841125,0.05120401456952095
1.801964521408081,0.7095714211463928,0.15130279958248138,-0.40845340490341187,0.8595338463783264,0.8283257484436035,0.39985203742980957,-0.45349347591400146,1.00124990940094,0.6261254549026489
0.7075311541557312,-1.0703468322753906,0.2864283621311188,-1.6292905807495117,-1.1411352157592773,1.3016111850738525,-0.6884476542472839,-1.402698278427124,-0.7519506216049194,1.6859204769134521
-0.9568530917167664,0.7863169312477112,0.39594826102256775,0.995810866355896,0.7776082754135132,0.9164540767669678,0.5217148065567017,0.12272510677576065,0.19223500788211823,1.3762969970703125
-0.26066485047340393,0.3012692928314209,0.8863528370857239,0.8754708170890808,-0.39483991265296936,0.9433795213699341,-0.3473435640335083,0.14505061507225037,-0.9162160754203796,1.4307926893234253
0.35936763882637024,0.07202811539173126,0.6820385456085205,-1.3442740440368652,1.3362088203430176,0.7573360800743103,-0.5057656168937683,0.21239104866981506,0.8076937198638916,-0.3339698314666748
0.7128052115440369,0.394205778837204,0.025008082389831543,-0.4755078852176666,0.08488410711288452,0.4415102005004883,-0.3944637179374695,-0.9604738354682922,-0.2844202518463135,0.24584415555000305
-0.42080432176589966,0.2883540093898773,2.1976726055145264,-0.433901309967041,-1.231473684310913,2.6932108402252197,-0.35943809151649475,0.6389347314834595,-1.1348689794540405,-0.2800252437591553
0.9025012850761414,0.08895036578178406,0.7460311651229858,-0.4525127410888672,-0.08972101658582687,0.8048335313796997,-0.48864004015922546,-0.038934919983148575,0.023060329258441925,-0.10020621865987778
-2.0689587593078613,-0.1819252371788025,2.4684865474700928,0.09202873706817627,-1.9429954290390015,2.7113037109375,-0.14749905467033386,1.4963124990463257,-1.770745038986206,1.3313887119293213
-0.812071681022644,0.9720543622970581,2.426284074783325,1.6511226892471313,0.39238351583480835,1.494763731956482,-0.6519372463226318,0.6924760341644287,-1.4423434734344482,0.9336793422698975
1.2693833112716675,0.7373767495155334,1.5765728950500488,-0.6152507066726685,0.1152762770652771,1.6376140117645264,0.32179149985313416,-0.3560543656349182,-0.5925165414810181,-0.25808843970298767
0.17308032512664795,0.5949136018753052,0.1836109757423401,-0.04393202066421509,-0.04837131127715111,0.6745954751968384,-0.5195321440696716,-0.3142930567264557,-0.6960378289222717,-0.07758788764476776
-0.12829625606536865,0.3241642415523529,-1.0978409051895142,0.385253369808197,0.44925811886787415,-0.4328438341617584,-0.5325537323951721,0.5883688926696777,-0.7836536169052124,-0.7791109085083008
0.4781964123249054,0.3230040371417999,1.30423104763031,0.38091522455215454,0.7062506675720215,0.7013328671455383,-0.46265271306037903,-0.04066743329167366,-0.6136349439620972,0.5663246512413025
0.9909888505935669,0.8920599222183228,-0.5490607023239136,0.7508832216262817,1.055550456047058,0.35978689789772034,0.535206139087677,-0.29110512137413025,0.7106831073760986,0.22210188210010529
0.29060181975364685,0.7726954817771912,-1.468002200126648,1.2788337469100952,0.3217312693595886,-0.514641284942627,-0.2679566740989685,-0.36077794432640076,-0.8885607719421387,-0.439062237739563
0.4874648451805115,0.17207716405391693,-1.0068544149398804,0.11755591630935669,0.7404196262359619,-0.2340746819972992,-0.1972336322069168,-0.46818476915359497,0.06388512998819351,0.05059332028031349
0.031183112412691116,0.4684285521507263,-0.9904090166091919,0.5587472319602966,0.6003893613815308,-0.48180168867111206,-0.1813557893037796,0.0015369134489446878,-0.27960890531539917,-0.12830162048339844
0.32988083362579346,0.6711986064910889,-1.7364299297332764,1.2659645080566406,0.6741892695426941,-0.7350431680679321,-0.505142867565155,-0.47485092282295227,-0.4594671130180359,-0.036673564463853836
-0.005764589179307222,0.6101354360580444,-0.9936553835868835,1.2236154079437256,0.2149147391319275,-0.022105753421783447,-0.3853437900543213,0.0620574951171875,-0.9119482040405273,-0.5401134490966797
0.2892366647720337,0.9972383975982666,-1.190543293952942,1.8338583707809448,1.1286641359329224,-0.49666693806648254,-0.10233058035373688,-0.5059665441513062,-0.32201245427131653,0.0010942334774881601
0.362821102142334,-0.07246571034193039,-0.7765259742736816,-0.3383232653141022,0.19096174836158752,-0.07070844620466232,-0.5607775449752808,-0.232430562376976,-0.52537602186203,-0.33180317282676697
0.09799396246671677,0.519580602645874,-1.0799084901809692,0.6282769441604614,0.4675128161907196,-0.3852553963661194,-0.35583019256591797,0.006397482007741928,-0.5999042987823486,-0.35486146807670593
1.169236183166504,0.24651965498924255,0.6304236054420471,-0.4964302182197571,0.9432371258735657,0.22941647469997406,-0.8267140984535217,-0.5661073327064514,-0.10469699651002884,-0.18406566977500916
0.253133624792099,0.3170049786567688,-0.25375106930732727,0.4418654441833496,0.7796080112457275,0.1869855523109436,-0.2189987748861313,-0.4876343309879303,-0.10559169203042984,0.14510677754878998
0.606598973274231,0.6725032925605774,-0.9509264826774597,0.5575408935546875,1.074259877204895,-0.75795978307724,-0.12319206446409225,-0.20092004537582397,-0.0801357701420784,0.18671855330467224
0.564214289188385,0.6341660618782043,-0.9517104029655457,0.582902729511261,0.7113982439041138,-0.7366228699684143,-0.5225042104721069,-0.19287918508052826,-0.5455945134162903,-0.2509233355522156
-0.3517223298549652,-0.11006904393434525,-0.9985506534576416,0.11797908693552017,0.1851864606142044,-0.1686311513185501,-0.1443081498146057,0.29360681772232056,-0.2990770637989044,-0.333711713552475
-0.33434370160102844,0.40165096521377563,-0.6408112049102783,0.5527302026748657,-0.2343505471944809,0.18422876298427582,0.04068297520279884,0.45781517028808594,-1.030258059501648,-0.596290647983551
0.25933557748794556,0.31174665689468384,-0.4099544882774353,0.31464502215385437,0.5113763809204102,-0.22474287450313568,-0.3037632703781128,-0.09960855543613434,-0.5792931318283081,-0.18660201132297516
0.473076194524765,0.8541721105575562,-1.0951608419418335,0.8864267468452454,1.009109616279602,-0.6429025530815125,-0.10108708590269089,-0.6105872988700867,-0.05554613471031189,0.4259730279445648
0.5562931895256042,1.0177628993988037,-1.483092188835144,1.358217716217041,0.7784909605979919,-0.40578559041023254,0.06884341686964035,-0.8132992386817932,0.19789861142635345,0.5944960713386536
0.5587438344955444,0.7035177946090698,-1.0969641208648682,1.3251991271972656,1.2881004810333252,-0.5247637033462524,-0.431769996881485,-0.29017898440361023,0.06184447184205055,-0.03465305268764496
0.4240747094154358,0.903242290019989,-0.8549758195877075,1.523820161819458,0.8158841729164124,-0.4553661644458771,-0.2987864315509796,-0.41390448808670044,-0.3436048924922943,0.18204182386398315
0.5596247315406799,0.5944607853889465,-2.01943039894104,1.2100157737731934,1.2220498323440552,-0.9244041442871094,0.3899760842323303,-0.41371211409568787,0.37154456973075867,0.8335198163986206
0.5205908417701721,1.223893165588379,-0.9321473836898804,1.3568389415740967,0.8337851166725159,-0.441210001707077,-0.45663708448410034,-0.5814904570579529,-0.3014335334300995,0.193262979388237
0.2727479636669159,0.40885064005851746,-1.288031816482544,0.633909285068512,0.48382681608200073,-0.5509852170944214,-0.08276030421257019,-0.5242145657539368,-0.4383206367492676,0.19671060144901276
0.42443034052848816,0.17021870613098145,-1.008603811264038,0.16331402957439423,0.9657260775566101,-0.47418177127838135,0.02554149180650711,-0.10609681904315948,0.3799622654914856,0.39708876609802246
0.9505040049552917,0.11112355440855026,-0.9269779324531555,0.2803381681442261,1.3973901271820068,-0.8913601636886597,-0.7315269708633423,-0.7369951009750366,-0.023887936025857925,0.4706919193267822
0.20968878269195557,0.3950016498565674,-0.9192072749137878,0.9723120927810669,0.5558549761772156,0.10218045115470886,0.13324016332626343,-0.3483506143093109,-0.02336692623794079,-0.03344498947262764
0.3479870855808258,0.5677096843719482,-1.6433032751083374,0.9882862567901611,0.9113975167274475,-0.9837924242019653,-0.5851871967315674,-0.3520449101924896,-0.6229536533355713,-0.3101222515106201
0.23723624646663666,0.38840562105178833,-1.2404359579086304,0.7119427919387817,0.8368350863456726,-0.46604496240615845,-0.5430450439453125,-0.395751416683197,-0.30080536007881165,-0.19951660931110382
0.5045408010482788,1.1306228637695312,-0.6743072867393494,1.5732769966125488,0.9607934951782227,-0.12936952710151672,-0.06734167784452438,-0.43342095613479614,-0.3376779854297638,-0.1052108034491539
0.25533732771873474,0.25820809602737427,-0.5052555799484253,0.6771923303604126,0.3619838356971741,-0.050368472933769226,0.017919277772307396,0.20062759518623352,-0.18639157712459564,-0.03407541289925575
0.11447176337242126,0.5280245542526245,-0.6207982301712036,0.6904805898666382,0.20856201648712158,0.26101285219192505,-0.5498069524765015,-0.6007270812988281,-0.19238552451133728,0.13529571890830994
0.1474010944366455,0.4076097011566162,-1.1838699579238892,0.31968891620635986,0.3289726972579956,-0.6340219974517822,-0.40614697337150574,0.014263555407524109,-0.5859484076499939,-0.2742183804512024
0.5227236747741699,0.8475837111473083,-1.2300676107406616,1.4459701776504517,1.3033196926116943,-0.6197123527526855,-0.2640310823917389,-0.5087640881538391,-0.1464916616678238,0.24631918966770172
-0.10390524566173553,-0.051848746836185455,-1.0978362560272217,0.052920300513505936,0.10350804030895233,-0.27869975566864014,-0.605478048324585,0.2985496520996094,-0.9141464233398438,-0.5919396281242371
0.6872330904006958,0.5867289900779724,0.3703579008579254,0.48035725951194763,0.8910112380981445,0.44193732738494873,-0.28229525685310364,-0.023895226418972015,0.1398036926984787,-0.1339510679244995
0.3180234432220459,-0.13197185099124908,0.445712685585022,-0.5484415888786316,0.23155760765075684,0.33943986892700195,-0.9189152121543884,-0.5612310767173767,-0.8291563391685486,-0.07014989852905273
-0.3458271622657776,0.037026748061180115,-1.1111408472061157,0.3050056993961334,-0.30790263414382935,0.14852559566497803,-0.14748114347457886,0.527168869972229,-1.0007392168045044,-0.727479875087738
-0.5809910893440247,-0.695085883140564,0.2603713274002075,-1.453188419342041,-0.7095866203308105,1.1665642261505127,-0.08043011277914047,1.6548378467559814,-1.1243438720703125,-1.5534340143203735
-0.6072879433631897,-0.47096118330955505,-0.7061469554901123,-0.9362638592720032,-0.6580622792243958,0.6560543775558472,-0.08956971019506454,0.25248005986213684,-0.39182665944099426,-0.5051475763320923
-0.34903180599212646,0.6006253361701965,-0.5868731737136841,1.138379693031311,-0.2536545693874359,0.7259675860404968,-0.014667228795588017,0.08986389636993408,-0.855241596698761,-0.6799733638763428
0.3214528560638428,0.34936851263046265,-0.34382325410842896,0.08804298937320709,0.5694111585617065,-0.3902522623538971,-0.7354534268379211,0.3464448153972626,-0.8084855675697327,-0.737299382686615
-0.20333395898342133,0.24599874019622803,-0.7725575566291809,0.38859960436820984,0.07894186675548553,0.2911877930164337,-0.3259478807449341,0.007745134644210339,-0.5317473411560059,-0.6303627490997314
0.6043650507926941,0.40458130836486816,-1.5583041906356812,0.8329014182090759,1.1275458335876465,-1.0447523593902588,-0.637095034122467,-0.3297346234321594,-0.6403684020042419,0.022130778059363365
0.09478486329317093,0.6023600101470947,-0.9572961330413818,0.8531700372695923,0.170888751745224,-0.2117406278848648,-0.3887745141983032,-0.0970606729388237,-0.7649288177490234,-0.16805703938007355
0.23953375220298767,0.6106741428375244,-1.0850064754486084,0.9644181728363037,0.5002977252006531,-0.5911719799041748,-0.34861910343170166,-0.0861034169793129,-0.9646091461181641,-0.3173706829547882
0.05429818481206894,0.3254002332687378,-0.826667845249176,0.07023268938064575,0.2511809170246124,-0.23817141354084015,-0.1788511723279953,0.30641505122184753,-0.47941967844963074,-0.32594186067581177
0.28917479515075684,0.2973823845386505,-0.5909940004348755,0.12666459381580353,0.2781488597393036,0.134812131524086,-0.2963303029537201,-0.3254396319389343,-0.32466891407966614,-0.37277454137802124
-0.6694924235343933,-0.023608654737472534,-1.0010124444961548,0.39272987842559814,-0.42975711822509766,0.7267602682113647,0.4018493890762329,0.8503904342651367,-0.515563428401947,-0.6223523020744324
-0.19244638085365295,0.18351927399635315,-0.03322719782590866,0.09646936506032944,-0.1794014722108841,0.5607487559318542,-0.3729195296764374,0.4053434431552887,-1.037763237953186,-0.8700306415557861
-0.4097825288772583,-0.16505378484725952,-0.4127827286720276,-0.19483305513858795,-0.27868425846099854,0.33359095454216003,-0.46555662155151367,0.9211501479148865,-1.2642985582351685,-1.1373428106307983
-0.7378860116004944,-0.2617613971233368,-0.49741822481155396,-0.2872469425201416,-0.6423437595367432,0.8557515144348145,-0.1735532432794571,1.1268492937088013,-0.8956138491630554,-0.9317694306373596
0.12034890055656433,0.37476393580436707,-0.8893294334411621,0.4543994069099426,0.18722400069236755,-0.34187906980514526,-0.24906258285045624,0.3838244378566742,-1.253957748413086,-0.8158140182495117
-0.12021718919277191,-0.1446802020072937,-1.246415138244629,0.015651389956474304,-0.04833334684371948,-0.0638716071844101,-0.4873320162296295,0.004261406138539314,-0.3633584976196289,-0.2846130430698395
-0.9797509908676147,-0.4733687937259674,-1.1546211242675781,-0.2765156328678131,-0.4507031738758087,0.6773437857627869,0.3811202645301819,1.234001636505127,-0.06661926954984665,-0.310134619474411
-0.8578039407730103,-0.28370606899261475,-0.40690916776657104,-0.5589931607246399,-0.8272925019264221,1.0178463459014893,-0.23734773695468903,1.1345059871673584,-1.3083884716033936,-1.2519729137420654
0.4021809697151184,0.39432603120803833,-1.4297879934310913,0.5605261921882629,0.5819900631904602,-0.7613097429275513,-0.44388169050216675,-0.3118155896663666,-0.5594214797019958,-0.20372439920902252
0.19727973639965057,0.6244440674781799,-0.8116442561149597,0.8024293780326843,0.6222712993621826,-0.38254621624946594,-0.4120578467845917,-0.05580277740955353,-0.7518802881240845,-0.5013159513473511
-0.40460723638534546,0.42917600274086,-0.7496256232261658,0.6564836502075195,-0.4743758738040924,0.4206759035587311,-0.3600945770740509,0.41144996881484985,-1.3822007179260254,-0.9423260688781738
0.024568792432546616,0.1822846680879593,-0.6210379600524902,-0.16396640241146088,0.09374149888753891,0.48782122135162354,0.29750511050224304,0.23411935567855835,0.2499239295721054,-0.19447942078113556
-0.26914140582084656,0.07495324313640594,-0.9407341480255127,0.25040602684020996,-0.1714933216571808,0.006593150086700916,-0.6705734729766846,0.5226497054100037,-1.3758662939071655,-1.0860793590545654
-0.5850414037704468,-0.11027504503726959,-0.7599481344223022,0.2039646953344345,-0.3617480397224426,0.537757933139801,-0.361850380897522,0.8195878267288208,-0.6020378470420837,-0.7111325860023499
-0.5067558884620667,-0.1738458126783371,0.4906617999076843,-1.9624099731445312,1.2408841848373413,2.1335580348968506,1.2663092613220215,0.4210711717605591,1.0306683778762817,3.391585111618042
-0.8146932125091553,-0.4155167043209076,0.7430448532104492,-0.8751419186592102,0.12667955458164215,1.9248048067092896,-0.5226597189903259,0.4938061833381653,0.355672687292099,3.882605791091919
0.6686840057373047,1.4402754306793213,2.3238425254821777,-0.4103800356388092,2.384484052658081,3.1609585285186768,2.0115408897399902,0.6423985362052917,0.7124664783477783,3.952690839767456
1.1530400514602661,-0.7409635782241821,0.5918248891830444,-0.5003051161766052,0.4379156529903412,0.5182760953903198,-0.042000334709882736,-0.45111948251724243,-0.03448546305298805,3.277749538421631
0.6919559240341187,0.4709789752960205,-1.6660287380218506,-0.965585470199585,1.5900065898895264,0.5466722846031189,0.8098218441009521,-0.7722266316413879,2.342928886413574,1.980350136756897
1.0962791442871094,0.14835205674171448,0.3506260812282562,-0.7084648609161377,2.7370097637176514,0.6928991079330444,0.4975956678390503,-0.006868970114737749,1.8264307975769043,1.6764897108078003
0.41686758399009705,-0.27294114232063293,-2.9199278354644775,-1.1776158809661865,1.5278682708740234,-0.1772053837776184,1.0468875169754028,-0.409833163022995,2.3355743885040283,1.2529977560043335
0.8614218235015869,0.29716914892196655,-1.3189103603363037,-0.9292552471160889,1.6976768970489502,0.3242919445037842,1.02443528175354,-0.6146652102470398,1.8188958168029785,1.0777928829193115
-1.8721669912338257,0.38183024525642395,0.7717403769493103,1.2482672929763794,-1.2232061624526978,1.5568927526474,-0.7670644521713257,0.5688579082489014,-0.27930542826652527,3.699249744415283
0.9195435047149658,0.10857301205396652,-2.433894157409668,-0.6757206320762634,0.5345489978790283,0.38205888867378235,1.532317876815796,-0.8639670610427856,1.6648694276809692,0.8622798919677734
-0.46598681807518005,0.6294183135032654,-0.5620611310005188,1.8744502067565918,0.22741495072841644,0.14722345769405365,0.3763560354709625,0.17125795781612396,-0.5325718522071838,1.7852044105529785
0.49800220131874084,0.8009729385375977,-1.2091703414916992,1.0617876052856445,0.5832884311676025,-0.10565857589244843,0.33501747250556946,-0.3210330903530121,0.26461291313171387,0.5199162364006042
0.7955203056335449,0.2244584858417511,-1.9745103120803833,0.17659705877304077,1.0214898586273193,-0.96622234582901,0.27982378005981445,-0.43049681186676025,0.6700901389122009,0.7890716195106506
0.8693255186080933,1.4281355142593384,-1.4722468852996826,1.891588807106018,1.6815309524536133,-0.5636903047561646,0.4385693669319153,-0.8414855003356934,0.7361275553703308,0.9606546759605408
0.557689905166626,0.09054677933454514,-1.659842610359192,0.16716746985912323,1.3624001741409302,-0.4623858630657196,0.2649390697479248,-0.6723185777664185,0.9687619805335999,1.3782439231872559
0.3074969947338104,0.8689368367195129,-2.5047011375427246,1.5712621212005615,0.9843670725822449,-0.4511670768260956,0.5366865396499634,-0.5682681202888489,0.773358941078186,0.8590623140335083
1.2955601215362549,0.1486162692308426,-1.1889617443084717,-1.0407975912094116,1.0659074783325195,0.6642159819602966,0.6146411895751953,-0.39080414175987244,1.8981612920761108,1.4078593254089355
1.1455514430999756,0.9590233564376831,-0.8226965069770813,0.20876720547676086,1.4588757753372192,-0.06074410676956177,0.2233695536851883,-0.49114206433296204,1.2096625566482544,1.0669838190078735
0.7352883815765381,-0.5174880027770996,-2.4659886360168457,-1.263466238975525,0.4523608088493347,-0.26813143491744995,1.0499444007873535,-1.045724868774414,0.9369733333587646,1.0768132209777832
0.8296945691108704,0.6367358565330505,-0.9589489102363586,0.615673303604126,0.8625354170799255,-0.08123316615819931,-0.12122834473848343,-0.5813504457473755,0.69871985912323,0.9738603830337524
0.9209209680557251,0.019163217395544052,-0.838378369808197,0.6499906778335571,1.5124342441558838,-0.5302364826202393,-0.5179440379142761,-0.9506404399871826,0.4871812164783478,2.0236480236053467
0.8233445882797241,0.7138190865516663,-0.7783411741256714,0.35275620222091675,1.655969262123108,0.07111304998397827,0.34096619486808777,-0.7816436290740967,1.2984402179718018,1.505771279335022
0.8657822012901306,0.9948731064796448,-1.642096757888794,0.34266138076782227,1.56125009059906,-0.29400449991226196,0.65879887342453,-0.5943259000778198,1.7594926357269287,1.8695001602172852
-0.4460623264312744,0.49411144852638245,0.48480379581451416,1.295923113822937,-0.18456651270389557,0.6919206976890564,-0.06621013581752777,0.012975456193089485,-0.9971675872802734,1.5597304105758667
-0.4037437438964844,-0.01678871177136898,0.25500091910362244,-0.9281766414642334,0.8877896666526794,0.6829354763031006,-0.3644790053367615,0.30502668023109436,0.9810624718666077,0.7160881161689758
0.5650311708450317,0.23397663235664368,-1.0786681175231934,0.37898772954940796,2.415834903717041,-0.8388794660568237,0.11237522214651108,-0.09004305303096771,1.1206074953079224,1.5477302074432373
0.6997467279434204,-0.30291852355003357,0.576920211315155,-1.1621659994125366,0.4120660722255707,0.9614924192428589,-0.08158170431852341,-0.3122119605541229,-0.02226436696946621,-0.5426576733589172
0.0029428189154714346,0.05817994475364685,-0.49951601028442383,-0.2207295447587967,0.8779036998748779,0.11761197447776794,0.29866766929626465,-0.30674219131469727,0.43952563405036926,0.8294114470481873
1.0394924879074097,-0.3504887521266937,0.6122785210609436,0.1753283590078354,1.9548171758651733,0.08339927345514297,-0.8031451106071472,-0.5700413584709167,0.29534992575645447,1.9243834018707275
0.3133351802825928,0.6726556420326233,-1.3749902248382568,0.912065863609314,1.095447063446045,-0.5203965306282043,-0.3747270405292511,-0.5798560976982117,0.2659388482570648,0.3395521640777588
0.19560356438159943,0.5926973819732666,-1.287588357925415,0.628869891166687,0.4248157739639282,-0.006940862163901329,0.38450509309768677,-0.029449788853526115,0.16426129639148712,0.09294090420007706
-0.43258875608444214,-0.3694063723087311,-1.3431575298309326,-0.1572776883840561,-0.39105236530303955,0.19199597835540771,0.01861555688083172,0.43154385685920715,-0.19039671123027802,-0.06306632608175278
-0.17502906918525696,0.31066423654556274,-0.6395905017852783,0.5285942554473877,0.1651284396648407,0.12436781823635101,-0.993877649307251,0.37860628962516785,-1.0861998796463013,-1.1678820848464966
-0.09028361737728119,0.0665341466665268,-1.3088423013687134,0.046209484338760376,0.37881216406822205,-0.163870707154274,0.134205624461174,-0.02836955524981022,0.1238965317606926,0.07905396819114685
0.07877331972122192,0.6139144897460938,-1.037935733795166,0.8056963086128235,0.1137835830450058,-0.2815324366092682,-0.3847261369228363,-0.20137405395507812,-0.7879388332366943,-0.3985428810119629
0.1370423287153244,-0.10062170028686523,-0.5802743434906006,-0.4664670526981354,1.1447995901107788,0.08210010826587677,0.18654021620750427,-0.09240872412919998,0.6079901456832886,0.3995458781719208
0.6188076734542847,0.03914778679609299,-0.8915214538574219,-0.7543836832046509,1.1325937509536743,0.3769737482070923,0.662450909614563,-0.4409453868865967,1.043103575706482,1.0145658254623413
-0.43858927488327026,-0.5243921279907227,-0.865763783454895,-0.6485269665718079,-0.1298222690820694,0.6483548879623413,0.6224115490913391,0.7488465905189514,0.351479709148407,-0.13957780599594116
-0.08775057643651962,-0.2584073543548584,-0.96642005443573,-0.32991907000541687,0.7600005865097046,0.639283299446106,0.23769204318523407,-0.040438368916511536,1.0269012451171875,0.5841835141181946
-0.4604487419128418,-0.6884528994560242,-1.5566589832305908,-0.5241385102272034,-0.09326458722352982,0.43053412437438965,0.740084171295166,0.4191584885120392,0.5694412589073181,0.2630324065685272
-0.13492794334888458,-0.21810324490070343,-0.9346282482147217,-0.49248939752578735,0.386719673871994,0.4460656940937042,0.705710232257843,0.400368332862854,0.8095357418060303,-0.033718209713697433
-0.6394726634025574,-0.8770577907562256,-1.0889887809753418,-0.8371453285217285,0.8157789707183838,0.14633630216121674,0.42224621772766113,1.00090491771698,1.0696884393692017,0.373247891664505
-1.084014654159546,0.41240668296813965,0.44485265016555786,-1.5853796005249023,1.2967824935913086,2.750333309173584,0.14617863297462463,0.17013023793697357,1.5265454053878784,4.063592910766602
-1.319966197013855,-0.15815263986587524,0.1879109889268875,-0.8048781156539917,0.5652482509613037,1.3143550157546997,0.3867610991001129,0.8355464935302734,0.5879848003387451,4.154728889465332
1.1424919366836548,-1.2453835010528564,-0.8434551358222961,-2.8960587978363037,0.2774970829486847,0.991131603717804,-0.24437545239925385,-0.5321322679519653,1.032165288925171,4.0192179679870605
-0.2822265923023224,0.656936526298523,1.1815897226333618,0.06662902235984802,0.9448083639144897,2.263395309448242,-0.06632028520107269,0.2675759196281433,1.1237266063690186,2.8843178749084473
1.345320463180542,-0.2573029696941376,-0.11637947708368301,-2.3179585933685303,-0.25987985730171204,1.749756097793579,1.7869731187820435,-1.7362303733825684,-0.4450518786907196,1.6804808378219604
1.1220937967300415,0.3808348476886749,-0.7536696791648865,-0.6783512234687805,-0.03136594966053963,1.5396586656570435,1.0408872365951538,-1.2553240060806274,1.0033384561538696,1.9136217832565308
1.5618830919265747,0.512810230255127,-0.7149898409843445,-0.5010999441146851,1.214721918106079,0.5182728171348572,0.47593939304351807,-1.255415439605713,1.3922382593154907,1.2479320764541626
1.2043412923812866,0.04119948297739029,0.4947735071182251,-1.058672547340393,-0.2808935344219208,0.3004116117954254,0.5610253214836121,-0.40314385294914246,-0.47515004873275757,1.2134689092636108
0.4713610112667084,0.816973090171814,-1.1947389841079712,0.5074040293693542,-0.1121458038687706,0.5548864006996155,0.5594805479049683,-1.1136680841445923,0.36985063552856445,1.2916958332061768
-0.47682660818099976,0.07439053803682327,0.3267768919467926,-0.4090854227542877,1.4423474073410034,0.7673985362052917,-0.3445018231868744,-0.24175244569778442,0.9961463809013367,3.1358232498168945
0.6229261159896851,0.8798089027404785,0.016235074028372765,-0.6423540711402893,2.1787524223327637,0.33169659972190857,0.8021360039710999,-0.2016693353652954,1.4069839715957642,1.8012226819992065
-0.17585216462612152,-0.01997489482164383,0.44320639967918396,-0.8014124631881714,1.1452393531799316,1.395322561264038,1.6670304536819458,-0.24002905189990997,0.44161802530288696,2.8757853507995605
0.9856239557266235,0.36525610089302063,1.0536706447601318,0.6290349364280701,1.4825024604797363,-0.4826747477054596,-1.0705417394638062,-0.2549994885921478,-1.0482840538024902,0.6412427425384521
1.1472375392913818,-0.03186285123229027,1.1526962518692017,0.6056679487228394,0.8766956925392151,-0.28806090354919434,-1.4553570747375488,-0.1624990552663803,-1.1771801710128784,0.7071081399917603
0.7353799939155579,1.0676032304763794,-1.0651612281799316,1.2593923807144165,0.9186446666717529,0.01751658506691456,0.4908852279186249,-0.9192472100257874,0.3911379873752594,0.540202260017395
-0.16116692125797272,-0.27352380752563477,-0.010361728258430958,-0.7005770206451416,-0.5494450330734253,0.4977419078350067,-0.5218786597251892,-0.1886846125125885,-1.2249869108200073,-0.2764756977558136
-0.035456106066703796,-0.188813716173172,-0.6622353792190552,-1.7024024724960327,2.3966867923736572,1.0298048257827759,1.655464768409729,-0.12794919312000275,1.8175575733184814,2.0470352172851562
0.3996101915836334,0.681262195110321,0.41354334354400635,-0.50982666015625,0.9596818089485168,2.1395580768585205,1.6920242309570312,-0.2009117305278778,1.1763336658477783,2.206174373626709
0.9571014642715454,0.20224785804748535,-0.27563172578811646,-1.9723045825958252,1.6769245862960815,0.6789883971214294,0.7309799790382385,-0.13993410766124725,1.5926154851913452,2.650843858718872
2.588465929031372,-0.09189292788505554,0.9399688839912415,0.07364045828580856,0.8754599690437317,2.414553642272949,0.6726053357124329,-0.4462195336818695,1.581343650817871,2.8626444339752197
1.6851987838745117,-0.19971667230129242,-0.05243940278887749,-2.775820255279541,1.6617188453674316,0.7415846586227417,0.09165934473276138,0.19604815542697906,1.620259165763855,2.3294076919555664
2.8588693141937256,-0.08252027630805969,0.5405406355857849,-2.394824981689453,2.299340009689331,1.3795270919799805,0.5355892777442932,-0.7530571222305298,1.4177676439285278,2.787834405899048
1.108464002609253,0.17741499841213226,0.2708035409450531,-1.6034348011016846,1.2574149370193481,1.705852746963501,1.2418205738067627,0.10617298632860184,1.4621679782867432,2.921187162399292
1.3469343185424805,0.8704648017883301,0.8096650242805481,-0.6367026567459106,-0.020661629736423492,2.779529333114624,1.1067686080932617,0.2628393769264221,0.7753767967224121,4.188663005828857
0.6538294553756714,0.1298149824142456,-1.5090619325637817,-1.441428303718567,0.41285693645477295,0.6996660232543945,0.7735002040863037,-0.6476283073425293,1.3688477277755737,1.0982049703598022
0.7384030818939209,0.9262351393699646,-1.6825395822525024,0.2979419231414795,1.5414807796478271,0.31230413913726807,1.1009680032730103,-0.4274539351463318,2.017082929611206,1.7925230264663696
0.020544016733765602,-0.17835445702075958,-1.5002777576446533,-0.3522542417049408,0.3136478662490845,0.5946994423866272,0.5578697919845581,-0.4885408282279968,1.178131341934204,1.451402187347412
0.7099208235740662,-0.4505220055580139,-1.4154804944992065,-1.0996580123901367,1.0394845008850098,0.6417406797409058,0.18906179070472717,-0.9324684739112854,1.5986722707748413,0.9372482895851135
0.9629629254341125,-0.15427495539188385,-1.5002360343933105,-1.0007197856903076,1.4194319248199463,-0.8915034532546997,0.40732264518737793,-0.5285592675209045,0.6160600185394287,0.8034250736236572
0.9443256855010986,0.18043941259384155,-0.9249007701873779,0.0444178469479084,1.1636457443237305,0.04779394716024399,-0.26893213391304016,-0.6875852346420288,1.1164945363998413,1.5811578035354614
0.3676820993423462,0.38534674048423767,-1.5993024110794067,0.2746713161468506,0.9291853308677673,-0.8871130347251892,0.06929949671030045,-0.13163159787654877,0.4796281158924103,0.24414709210395813
0.014349042437970638,0.2767900228500366,-1.0619243383407593,0.2100657820701599,1.4399645328521729,0.18801182508468628,-0.16240835189819336,-0.042735736817121506,1.3353207111358643,0.6135549545288086
0.06940359622240067,0.6495919227600098,-1.0261526107788086,0.6798409819602966,0.9369184970855713,0.12623372673988342,0.3274649977684021,-0.2126801759004593,0.999259889125824,0.9502836465835571
-0.2600419819355011,-0.37115389108657837,-1.1273846626281738,-0.7639749050140381,0.6682973504066467,-0.03803587704896927,0.7031115889549255,-0.12268385291099548,0.34450191259384155,0.6800142526626587
0.6788535714149475,0.629233717918396,-0.8419331312179565,0.9157763719558716,0.8124906420707703,0.6679645776748657,0.8803098797798157,-0.5288856625556946,0.9998138546943665,1.8552327156066895
-0.13092772662639618,0.41476643085479736,-0.794638991355896,0.501552939414978,-0.0540546290576458,0.258065402507782,0.17122088372707367,0.8460874557495117,-0.10597246140241623,-0.6573259830474854
-0.5938743352890015,0.5534628629684448,0.8299962282180786,0.6473064422607422,-0.1612326055765152,1.0704714059829712,-0.16712991893291473,0.9526045918464661,-0.5785425305366516,-0.049178916960954666
-0.48648539185523987,0.22083944082260132,-0.8117154836654663,0.2521904706954956,-0.4483698308467865,0.9876356720924377,0.4077327251434326,0.5814060568809509,0.1416185349225998,-0.4902759790420532
-0.38339322805404663,0.06094060465693474,-1.5960371494293213,0.2309703826904297,-0.02483997493982315,0.2696775496006012,0.5958188772201538,0.44745802879333496,0.5139856934547424,-0.04736239090561867
-0.17667488753795624,-0.06750057637691498,-1.2500494718551636,-0.10630877315998077,0.3377104699611664,-0.01648147590458393,0.5738528370857239,0.6495462656021118,0.5068909525871277,0.07891914993524551
-0.3674570918083191,0.05638919770717621,-0.5059908628463745,0.05106325075030327,-0.1212715208530426,0.46551063656806946,0.09678623825311661,0.7125363349914551,-0.5144340991973877,-0.5742639899253845
-0.12893325090408325,-0.2517058253288269,-2.077387809753418,-0.4007948637008667,0.5262283682823181,-0.579732358455658,0.22111521661281586,0.1770940124988556,0.8184706568717957,0.5246642827987671
0.4512484073638916,0.5918635725975037,-1.4070459604263306,0.7024708986282349,0.9296810030937195,-0.4987104535102844,0.25674015283584595,-0.511375367641449,0.5155752897262573,0.6917775273323059
0.13854607939720154,0.1424669772386551,-0.8254633545875549,-0.059153396636247635,0.4433287978172302,-0.13240599632263184,-0.0801631435751915,0.29454541206359863,-0.2169615924358368,-0.6673784255981445
0.2708328366279602,0.41334009170532227,-1.1114459037780762,0.6811056137084961,0.8638595938682556,-0.3981291949748993,0.037648189812898636,-0.3815787136554718,0.13149940967559814,0.161349356174469
-0.1811416745185852,0.69024258852005,-0.9645939469337463,0.8116405010223389,0.0029943902045488358,0.4847405254840851,0.24349473416805267,-0.06614569574594498,0.22810930013656616,0.09472967684268951
-0.2693547308444977,0.04271697998046875,-0.4768575429916382,0.15414033830165863,0.917221188545227,-0.1231900304555893,-0.09994759410619736,0.4182291626930237,0.25502970814704895,0.0885174572467804
-0.5875737071037292,-0.6570318341255188,-0.15340566635131836,-1.2115496397018433,-0.5714899897575378,1.021177053451538,-0.2880128026008606,0.5644838809967041,-0.7766780853271484,-0.9038166403770447
-0.768191933631897,-0.9046764373779297,-1.1981505155563354,-1.1896793842315674,-0.4311237931251526,0.1258152276277542,-0.05019050091505051,1.253967046737671,-0.28818073868751526,-0.6200549602508545
-1.0350043773651123,-1.0679420232772827,-0.9919243454933167,-1.5505821704864502,-0.762309193611145,0.6603603363037109,0.13573594391345978,1.7316070795059204,-0.720499575138092,-0.8980110287666321
-1.0505623817443848,-0.7273069620132446,-0.7859978675842285,-1.0341957807540894,-1.2004598379135132,1.269751787185669,0.4439176321029663,1.7221438884735107,-1.0308666229248047,-1.059920072555542
-1.0104625225067139,-0.7914802432060242,-0.8871526718139648,-1.3664170503616333,-1.289648175239563,0.9810433983802795,0.5207761526107788,1.6506954431533813,-1.0846940279006958,-0.9601779580116272
-0.0869290754199028,-0.09611916542053223,-0.924643874168396,0.4004971981048584,0.4108756184577942,-0.07156377285718918,0.02830689027905464,0.09152845293283463,-0.5781986117362976,-0.27351412177085876
-1.0308493375778198,-0.8820101022720337,-0.9652407765388489,-1.5934662818908691,-0.8741744160652161,0.6806042790412903,0.10794159770011902,1.7240155935287476,-0.9381977319717407,-1.0607255697250366
-0.2896854281425476,0.10045672953128815,-1.1575050354003906,0.07405005395412445,0.4853358268737793,-0.4908297061920166,-0.5026682019233704,0.057491276413202286,-0.2259543240070343,-0.42479172348976135
-0.7675482630729675,-0.23403821885585785,-0.6844602823257446,-0.35567155480384827,-0.20956653356552124,0.5462839603424072,-0.004252047277987003,1.1657121181488037,-0.5009713768959045,-0.996978223323822
-0.5917821526527405,-0.46859580278396606,-0.9034712314605713,-0.9841024875640869,-0.6350422501564026,0.22077620029449463,0.13589635491371155,1.2024468183517456,-0.8591364622116089,-0.9194791913032532
-1.2815883159637451,-1.0310465097427368,-1.300195336341858,-1.4773926734924316,-1.325641393661499,1.024788737297058,0.22948093712329865,1.6782106161117554,-1.0136771202087402,-0.9886248111724854
-0.45379140973091125,-0.04461768642067909,-0.9790290594100952,-0.11584655940532684,-0.26144784688949585,0.1863771229982376,0.10379461944103241,0.6237276792526245,-0.5399184823036194,-0.7065654993057251
-0.8569015860557556,-0.6518270373344421,-1.4508994817733765,-0.6888985633850098,-0.41799411177635193,0.16295355558395386,0.27818796038627625,0.9631738066673279,-0.5227012038230896,-0.5935509204864502
1.0737608671188354,0.5855876803398132,1.4512766599655151,-1.9806478023529053,1.2229779958724976,2.0754506587982178,1.79350745677948,0.5404396057128906,0.32933518290519714,4.108155250549316
3.2290377616882324,0.7160274982452393,1.0249263048171997,-2.594888210296631,1.345609188079834,2.5205321311950684,0.826176106929779,-0.4886760115623474,1.3336502313613892,4.3048906326293945
0.939063549041748,0.5995180606842041,2.8273427486419678,-1.9789563417434692,1.9659485816955566,3.264874219894409,-0.1875096708536148,1.2923673391342163,0.09811688959598541,3.903554677963257
1.2266291379928589,0.38937053084373474,3.038123846054077,-2.4022727012634277,1.3614481687545776,4.539958953857422,0.9031795263290405,0.546205997467041,-1.177472472190857,4.691401958465576
0.45868051052093506,0.02841506525874138,-0.7953317761421204,-2.7576980590820312,0.6596556901931763,2.0999865531921387,1.362123727798462,0.022350484505295753,2.237520217895508,2.589078187942505
1.3979544639587402,-0.25134801864624023,0.6713821887969971,-3.255040168762207,1.6030125617980957,2.8598170280456543,1.8451656103134155,-0.29299089312553406,1.1183794736862183,1.8812403678894043
1.7024788856506348,-0.2427023947238922,2.0811617374420166,-3.1202518939971924,1.938181757926941,2.950831651687622,0.40931370854377747,0.4959449768066406,0.49993085861206055,2.475263833999634
1.5872758626937866,-0.8808935880661011,-1.8155357837677002,-4.2591657638549805,1.4167433977127075,2.1761159896850586,1.49540114402771,-0.8255089521408081,2.5362040996551514,1.0752978324890137
1.823360562324524,-0.0636458471417427,-0.6335002779960632,-3.2925877571105957,1.6211131811141968,2.337542772293091,1.0374014377593994,-0.27792736887931824,2.6619014739990234,1.75730299949646
2.2769875526428223,-0.7573251724243164,0.2952193319797516,-3.8057076930999756,1.3425291776657104,2.435922384262085,0.5086435675621033,0.07629651576280594,1.4238172769546509,2.76347279548645
0.6336991190910339,0.3241991400718689,-0.14697010815143585,0.3977743983268738,0.19796445965766907,1.4817216396331787,0.570949912071228,-0.588366687297821,1.0708324909210205,2.4069855213165283
2.0412657260894775,0.899756133556366,-0.2344895750284195,-1.2881485223770142,0.621419370174408,2.579861879348755,2.256533145904541,-0.04366205632686615,2.151928424835205,0.4419785737991333
2.437802314758301,1.1370772123336792,0.311733603477478,0.19030219316482544,2.1897695064544678,0.4207421541213989,1.135810136795044,-0.498675137758255,1.4393343925476074,1.7065355777740479
1.219879388809204,0.7506695985794067,1.3400945663452148,0.5835187435150146,1.8206418752670288,0.7686536312103271,0.5929951667785645,-0.3046354055404663,0.559685468673706,2.0772929191589355
-0.33907637000083923,-0.9342615008354187,-3.1172235012054443,-1.0677189826965332,1.1215620040893555,-0.49798688292503357,0.8111084699630737,-0.1324957311153412,1.680361032485962,1.1823562383651733
-0.024200016632676125,0.39815807342529297,-1.0586018562316895,0.5491030216217041,2.2210941314697266,-0.24126826226711273,-0.4751091003417969,0.008496161550283432,1.6575775146484375,1.1742846965789795
0.5426876544952393,0.14308123290538788,-1.8617256879806519,0.24971552193164825,1.140601634979248,-0.7726916670799255,0.285040944814682,-0.2454967200756073,0.5066065192222595,0.35328909754753113
-0.11474952846765518,-0.45684629678726196,-2.154358148574829,-0.19059768319129944,0.48114562034606934,-0.17173552513122559,0.46433234214782715,-0.5421387553215027,0.6165155172348022,0.45678603649139404
0.3601447641849518,0.6049460172653198,0.04998835548758507,0.4788115918636322,0.37782180309295654,0.1756649613380432,0.04943528026342392,-0.27948370575904846,-0.5772953033447266,0.3013174831867218
0.37205779552459717,-0.25192537903785706,-2.151559829711914,-1.2668039798736572,1.073927640914917,-0.9029479026794434,0.7928036451339722,-0.24465325474739075,0.9544992446899414,0.7022731304168701
0.32708603143692017,-0.6306511163711548,-2.4197280406951904,-1.2500919103622437,0.7813482284545898,-0.24304713308811188,1.0678519010543823,-0.18522696197032928,1.2513251304626465,0.20699457824230194
0.5182167291641235,0.10621188580989838,-1.5218716859817505,0.12348449975252151,0.8971264362335205,-0.7571325898170471,0.295672744512558,-0.22272539138793945,0.15709157288074493,0.21118216216564178
0.06901424378156662,0.17389538884162903,-1.7606136798858643,-0.366446852684021,1.2281442880630493,0.18885040283203125,1.4837629795074463,-0.6877699494361877,1.1866573095321655,1.832240104675293
0.5672236084938049,0.45186904072761536,-0.3907780945301056,-0.560016930103302,1.8340035676956177,0.6972099542617798,0.42698991298675537,-0.2630155384540558,1.6312346458435059,1.1000345945358276
0.6881736516952515,0.22003404796123505,-1.7596790790557861,0.10885751247406006,0.9884251356124878,-0.5450062155723572,0.6734642386436462,-0.6289341449737549,0.8591434955596924,0.9050131440162659
-1.397290825843811,0.24320466816425323,0.747779905796051,0.4103090167045593,1.0026227235794067,0.6028591394424438,-0.5234732627868652,0.4752775728702545,0.2602045238018036,1.7942484617233276
0.21071390807628632,0.733652651309967,-1.8449373245239258,1.1140899658203125,1.2060446739196777,-0.4078410565853119,0.18447043001651764,-0.9101800322532654,0.5735296010971069,0.6301377415657043
-0.05189617723226547,-0.20732702314853668,0.13857580721378326,0.05992460250854492,0.2898090183734894,1.0463004112243652,0.09660318493843079,0.356017142534256,0.631147027015686,0.5414870381355286
0.0635133907198906,0.1551995575428009,-1.2745815515518188,0.3781036138534546,0.7027100920677185,-0.17117786407470703,-0.07865121215581894,0.4028033912181854,0.4806720018386841,-0.470205157995224
-0.002908730646595359,0.5854530930519104,0.1397697925567627,0.3843929171562195,-0.19352158904075623,1.1312427520751953,0.2654888927936554,0.3422050476074219,-0.13441674411296844,-0.45768484473228455
0.49933168292045593,-0.14987047016620636,-0.3927207589149475,-0.111552894115448,0.21058575809001923,0.1700195074081421,-0.8269602656364441,-0.3375880718231201,0.204800546169281,0.6334549784660339
-0.5632401704788208,-0.3724319338798523,-0.01583709381520748,-0.9777865409851074,0.09485520422458649,0.026486754417419434,-0.6323423981666565,-0.22725360095500946,-0.7095543742179871,0.027888907119631767
1.5411968231201172,-0.08890296518802643,-0.27238062024116516,-1.6578506231307983,0.8033902049064636,1.3384517431259155,1.2673708200454712,-1.0489506721496582,1.008202314376831,0.6496734023094177
0.5935052633285522,0.2555631101131439,-0.3589833676815033,0.3119462728500366,0.8364130258560181,-0.2263004332780838,-0.2676655650138855,-0.17683401703834534,-0.18863850831985474,-0.5414674878120422
0.46145933866500854,-0.036035194993019104,-1.464866280555725,-0.007697193883359432,1.8656728267669678,-0.5376116633415222,-0.2789457440376282,-0.4703226387500763,0.9974691867828369,0.5316253304481506
-0.002881447784602642,0.9524943232536316,-0.4782850742340088,1.4634398221969604,0.10902934521436691,1.0087404251098633,1.5346027612686157,0.24393348395824432,0.6256641745567322,1.3963524103164673
